Unique Key,Descriptor,Location Type,Incident Zip,Incident Address,X Coordinate (State Plane),Y Coordinate (State Plane),Latitude,Longitude,Location,geometry,year,Info_Accuracy,Vacancy_Type,Current_Status,Repeated,Comment
36361312,Rat Sighting,Vacant Lot,10026,141 WEST  110 STREET,997032,230316,40.798831,-73.953834,"(40.798830969027264, -73.95383388924596)",POINT (-73.95383388924594 40.79883096902726),2017,FALSE,/,/,FALSE,
34427693,Mouse Sighting,Vacant Lot,10026,143 CENTRAL PARK NORTH,997023,230321,40.7988447,-73.953866,"(40.798844705676956, -73.95386638598758)",POINT (-73.95386638598758 40.79884470567696),2016,FALSE,/,/,FALSE,
33271221,Condition Attracting Rodents,Vacant Lot,10026,145 WEST  110 STREET,997013,230327,40.7988612,-73.953902,"(40.79886118848897, -73.95390249264929)",POINT (-73.95390249264929 40.79886118848897),2016,FALSE,/,/,FALSE,
32874453,Rat Sighting,Vacant Building,10026,127 WEST  111 STREET,997230,230491,40.799311,-73.953118,"(40.79931100761038, -73.95311841341487)",POINT (-73.95311841341488 40.79931100761038),2016,FALSE,/,/,FALSE,
34261806,Rat Sighting,Vacant Lot,10026,145 WEST 110TH STREET,996861,230498,40.7993308,-73.954451,"(40.79933075504134, -73.95445116623793)",POINT (-73.95445116623793 40.79933075504134),2016,/,/,/,TRUE,
20586871,Rat Sighting,Vacant Lot,10026,239 WEST 111 STREET,996407,230947,40.8005638,-73.95609,"(40.800563773582866, -73.95609012550455)",POINT (-73.95609012550455 40.80056377358287),2011,FALSE,/,/,FALSE,
23726210,Condition Attracting Rodents,Vacant Lot,10026,143 WEST 113 STREET,997284,231059,40.8008699,-73.952922,"(40.80086993277902, -73.95292227193734)",POINT (-73.95292227193734 40.80086993277902),2012,FALSE,,/,FALSE,
36486365,Condition Attracting Rodents,Vacant Building,10026,67 SAINT NICHOLAS AVENUE,997279,231233,40.8013475,-73.95294,"(40.801347522488676, -73.9529399938837)",POINT (-73.9529399938837 40.80134752248868),2017,FALSE,/,/,FALSE,
25375882,Rat Sighting,Vacant Lot,10026,1855 7 AVENUE,997034,231259,40.8014192,-73.953825,"(40.801419243232715, -73.95382487026464)",POINT (-73.95382487026464 40.80141924323271),2013,FALSE,/,/,FALSE,
41773615,Signs of Rodents,Vacant Lot,10026,56 WEST 116 STREET,998369,231264,40.8014309,-73.949003,"(40.80143093449569, -73.94900291161811)",POINT (-73.94900291161811 40.80143093449568),2019,FALSE,/,/,FALSE,
23181172,Rat Sighting,Vacant Lot,10026,40 WEST 116 STREET,998552,231271,40.8014499,-73.948342,"(40.80144985326281, -73.94834191044643)",POINT (-73.94834191044643 40.80144985326281),2012,FALSE,/,/,FALSE,
40977440,Condition Attracting Rodents,Vacant Lot,10026,101 WEST  116 STREET,997928,231295,40.8015167,-73.950596,"(40.801516714673454, -73.95059571702271)",POINT (-73.95059571702271 40.80151671467345),2018,TRUE,VB,VACANT,FALSE,
39514846,Condition Attracting Rodents,Vacant Lot,10026,64 WEST 116TH STREET,998304,231323,40.801593,-73.949238,"(40.80159297694487, -73.94923756466655)",POINT (-73.94923756466655 40.80159297694487),2018,FALSE,/,/,FALSE,
39473680,Condition Attracting Rodents,Vacant Lot,10026,68 WEST 116TH STREET,998254,231326,40.8016013,-73.949418,"(40.80160129050896, -73.94941815618962)",POINT (-73.94941815618962 40.80160129050896),2018,TRUE,VL,VACANT,FALSE,
42738727,Rat Sighting,Vacant Lot,10026,70 WEST 116 STREET,998219,231347,40.801659,-73.949545,"(40.8016589851527, -73.94954453096183)",POINT (-73.94954453096183 40.80165898515271),2019,FALSE,/,/,FALSE,
23016789,Signs of Rodents,Vacant Lot,10026,66 WEST  116 STREET,998407,231351,40.8016697,-73.948865,"(40.80166966483794, -73.94886547420391)",POINT (-73.94886547420391 40.80166966483794),2012,FALSE,/,/,FALSE,
22877972,Rat Sighting,Vacant Lot,10026,66 WEST 116 STREET,998396,231357,40.8016862,-73.948905,"(40.801686150810006, -73.94890519312018)",POINT (-73.94890519312018 40.80168615081001),2012,FALSE,/,/,FALSE,
37801920,Rat Sighting,Vacant Lot,10026,68 WEST  116 STREET,998384,231364,40.8017054,-73.948949,"(40.80170538309377, -73.94894852191264)",POINT (-73.94894852191264 40.80170538309378),2017,/,/,/,TRUE,
33786167,Rat Sighting,Vacant Building,10026,113 LENOX AVENUE,998128,231391,40.8017799,-73.949873,"(40.801779896482955, -73.94987312830415)",POINT (-73.94987312830416 40.80177989648296),2016,FALSE,/,/,FALSE,
22245326,Rat Sighting,Vacant Lot,10026,310 WEST 112 STREET,995999,231465,40.8019861,-73.957563,"(40.801986093612804, -73.9575628742754)",POINT (-73.95756287427541 40.8019860936128),2011,FALSE,/,/,FALSE,
38195226,Condition Attracting Rodents,Vacant Lot,10026,55 W 116TH ST,998222,231471,40.8019993,-73.949533,"(40.80199932639517, -73.94953343704967)",POINT (-73.94953343704968 40.80199932639518),2018,/,/,/,TRUE,
15956897,Rat Sighting,Vacant Lot,10026,316 WEST 112 STREET,995981,231474,40.8020108,-73.957628,"(40.80201082006091, -73.95762787413892)",POINT (-73.95762787413892 40.80201082006091),2010,TRUE,NEW BUILDING,NEW BUILDING,FALSE,
25571346,Condition Attracting Rodents,Vacant Building,10026,315 WEST 112 STREET,995990,231476,40.8020163,-73.957595,"(40.8020162975588, -73.9575953628358)",POINT (-73.9575953628358 40.8020162975588),2013,FALSE,/,/,FALSE,
18607356,Condition Attracting Rodents,Vacant Lot,10026,317 WEST 112 STREET,995984,231479,40.8020245,-73.957617,"(40.80202453970612, -73.95761702946545)",POINT (-73.95761702946545 40.80202453970612),2010,TRUE,NEW BUILDING,NEW BUILDING,FALSE,
42408061,Rat Sighting,Vacant Lot,10026,55 WEST 116 STREET,998505,231481,40.8020263,-73.948511,"(40.802026321613134, -73.94851122614963)",POINT (-73.94851122614962 40.80202632161313),2019,FALSE,/,/,FALSE,
22250028,Condition Attracting Rodents,Vacant Lot,10026,272 MANHATTAN AVENUE,995601,231481,40.8020305,-73.959,"(40.802030529483076, -73.95900041412796)",POINT (-73.95900041412796 40.80203052948308),2011,FALSE,/,/,FALSE,
31411266,Rat Sighting,Vacant Lot,10026,270 WEST  113 STREET,996454,231512,40.8021145,-73.955919,"(40.802114478991, -73.95591933927666)",POINT (-73.95591933927666 40.802114478991),2015,TRUE,COMMON PLACE,COMMON PLACE,FALSE,
43041864,Rat Sighting,Vacant Lot,10026,110 WEST 116 STREET,997954,231602,40.8023593,-73.950501,"(40.802359305165226, -73.95050117969204)",POINT (-73.95050117969205 40.80235930516523),2019,FALSE,/,/,FALSE,
42931718,Rat Sighting,Vacant Lot,10026,101 WEST 116 STREET,998077,231647,40.8024826,-73.950057,"(40.80248262618469, -73.950056811365)",POINT (-73.950056811365 40.80248262618469),2019,FALSE,/,/,FALSE,
30759623,Condition Attracting Rodents,Vacant Lot,10026,305 WEST  113 STREET,996145,231691,40.8026062,-73.957035,"(40.802606206258616, -73.95703512523473)",POINT (-73.95703512523474 40.80260620625862),2015,FALSE,/,/,FALSE,
30761414,Rat Sighting,Vacant Lot,10026,318 WEST  113 STREET,996107,231705,40.8026447,-73.957172,"(40.802644683490584, -73.95717235691977)",POINT (-73.95717235691977 40.80264468349058),2015,TRUE,VL,VACANT,FALSE,
24581818,Rat Sighting,Vacant Building,10026,75 WEST 118 STREET,998749,231791,40.8028768,-73.947629,"(40.80287678946287, -73.9476292338253)",POINT (-73.9476292338253 40.80287678946286),2012,FALSE,/,/,FALSE,
18508110,Condition Attracting Rodents,Vacant Lot,10026,229 WEST 115 STREET,997011,231805,40.8029179,-73.953907,"(40.80291789666797, -73.9539069073108)",POINT (-73.9539069073108 40.80291789666796),2010,FALSE,/,/,FALSE,
20806544,Rat Sighting,Vacant Lot,10026,17 WEST 119 STREET,999256,231808,40.8029226,-73.945798,"(40.8029226032787, -73.94579789906592)",POINT (-73.94579789906592 40.8029226032787),2011,FALSE,/,/,FALSE,
30930076,Signs of Rodents,Vacant Building,10026,36 WEST 119TH STREET,999043,231826,40.8029724,-73.946567,"(40.80297236751045, -73.9465672213032)",POINT (-73.94656722130321 40.80297236751045),2015,FALSE,/,/,FALSE,
21092557,Condition Attracting Rodents,Vacant Lot,10026,23 WEST 119 STREET,999221,231828,40.8029776,-73.945924,"(40.80297755715398, -73.94592427543851)",POINT (-73.94592427543851 40.80297755715398),2011,TRUE,VB,CONST,FALSE,NYC HOUSING
40246730,Condition Attracting Rodents,Vacant Building,10026,107 WEST 117 STREET,998117,231841,40.803015,-73.949912,"(40.80301504020598, -73.94991193053295)",POINT (-73.94991193053295 40.80301504020598),2018,TRUE,VB,VACANT,FALSE,
43622786,Rat Sighting,Vacant Building,10026,107 WEST  117 STREET,998117,231841,40.803015,-73.949912,"(40.80301504020598, -73.94991193053295)",POINT (-73.94991193053295 40.80301504020598),2019,/,/,/,TRUE,
29629050,Rat Sighting,Vacant Building,10026,42 WEST 119TH STREET,999010,231847,40.8030301,-73.946686,"(40.803030061926194, -73.94668637214029)",POINT (-73.94668637214029 40.80303006192619),2015,TRUE,VB,VACANT,FALSE,
39455516,Rat Sighting,Vacant Building,10026,42 W 119TH ST,999018,231858,40.8030602,-73.946657,"(40.80306024053475, -73.94665745167705)",POINT (-73.94665745167704 40.80306024053475),2018,/,/,/,TRUE,
16345439,Condition Attracting Rodents,Vacant Building,10026,40 WEST 119 STREET,999091,231893,40.8031562,-73.946394,"(40.803156183598034, -73.94639369574621)",POINT (-73.94639369574621 40.80315618359803),2010,FALSE,/,/,FALSE,
31855537,Rat Sighting,Vacant Lot,10026,304 W 114TH ST,996143,231896,40.8031689,-73.957042,"(40.80316887764858, -73.9570419861307)",POINT (-73.9570419861307 40.80316887764858),2015,FALSE,/,/,FALSE,
16144977,Condition Attracting Rodents,Vacant Lot,10026,306 WEST 114 STREET,996245,231927,40.8032538,-73.956674,"(40.80325382624683, -73.95667350253744)",POINT (-73.95667350253744 40.80325382624683),2010,/,/,/,TRUE,
18633301,Condition Attracting Rodents,Vacant Lot,10026,310 WEST 114 STREET,996222,231940,40.8032895,-73.956757,"(40.80328953886836, -73.95675655641215)",POINT (-73.95675655641216 40.80328953886836),2010,TRUE,NEW BUILDING,NEW BUILDING,FALSE,
43799961,Condition Attracting Rodents,Vacant Lot,10026,237 WEST  115 STREET,996758,231947,40.803308,-73.95482,"(40.803308009424114, -73.95482048575856)",POINT (-73.95482048575856 40.80330800942411),2019,FALSE,/,/,FALSE,
29609153,Rat Sighting,Vacant Building,10026,66 WEST 119TH STREET,998811,231960,40.8033405,-73.947405,"(40.80334054604667, -73.94740492174644)",POINT (-73.94740492174644 40.80334054604667),2014,TRUE,VB,VACANT,FALSE,
29633100,Rat Sighting,Vacant Building,10026,66 WEST 119 STREET,998964,231963,40.8033485,-73.946852,"(40.803348526754995, -73.94685227146547)",POINT (-73.94685227146547 40.803348526755),2015,/,/,/,TRUE,
29975138,Rat Sighting,Vacant Building,10026,66 WEST  119 STREET,998964,231963,40.8033485,-73.946852,"(40.803348526754995, -73.94685227146547)",POINT (-73.94685227146547 40.803348526755),2015,/,/,/,TRUE,
31657978,Rat Sighting,Vacant Building,10026,68 WEST 119TH STREET,998796,231967,40.8033598,-73.947459,"(40.803359783828654, -73.9474590873366)",POINT (-73.9474590873366 40.80335978382865),2015,TRUE,VB,VACANT,FALSE,
32322571,Rat Sighting,Vacant Building,10026,2120 FREDERICK DOUGLAS BOULEVARD,996418,232006,40.8034704,-73.956048,"(40.80347042297902, -73.95604847542754)",POINT (-73.95604847542755 40.80347042297902),2016,/,/,/,TRUE,
28120487,Rat Sighting,Vacant Lot,10026,82 WEST 119 STREET,998869,232016,40.8034942,-73.947195,"(40.80349415487052, -73.94719530089077)",POINT (-73.94719530089077 40.80349415487053),2014,TRUE,VB,VACANT,FALSE,
35829465,Rat Sighting,Vacant Building,10026,82 WEST  119 STREET,998869,232016,40.8034942,-73.947195,"(40.80349415487052, -73.94719530089077)",POINT (-73.94719530089077 40.80349415487053),2017,/,/,/,TRUE,
18935232,Rat Sighting,Vacant Building,10026,215 WEST  116 STREET,997130,232065,40.8036314,-73.953477,"(40.80363135253337, -73.95347657725151)",POINT (-73.95347657725152 40.80363135253337),2010,FALSE,/,/,FALSE,
18282762,Rat Sighting,Vacant Lot,10026,283 WEST  115 STREET,996527,232077,40.8036651,-73.955655,"(40.803665147674394, -73.95565463131838)",POINT (-73.95565463131838 40.8036651476744),2010,FALSE,/,/,FALSE,
35828878,Rat Sighting,Vacant Lot,10026,2134 FREDERICK DOUGLASS BLVD,996604,232140,40.803838,-73.955376,"(40.80383795801965, -73.95537638614528)",POINT (-73.95537638614528 40.80383795801965),2017,/,/,/,TRUE,
32015351,Rat Sighting,Vacant Building,10026,2132-2142 FREDERICK DOUGLASS BOULEVARD,996504,232161,40.8038957,-73.955738,"(40.803895736498006, -73.95573755557322)",POINT (-73.95573755557322 40.80389573649801),2015,TRUE,VL,VACANT,FALSE,
32012093,Rat Sighting,Vacant Building,10026,2136 FREDERICK DOUGLASS BOULEVARD,996621,232170,40.8039203,-73.955315,"(40.803920275980474, -73.95531492554906)",POINT (-73.95531492554906 40.80392027598048),2015,/,/,/,TRUE,
31899686,Condition Attracting Rodents,Vacant Building,10026,2134 FREDERICK DOUGLASS BOULEVARD,996514,232180,40.8039479,-73.955701,"(40.80394787239614, -73.95570140005974)",POINT (-73.95570140005974 40.80394787239614),2015,/,/,/,TRUE,
31781220,Rat Sighting,Vacant Lot,10026,2136 FREDERICK DOUGLAS BOULEVARD,996525,232199,40.804,-73.955662,"(40.804000006893276, -73.95566163240328)",POINT (-73.95566163240328 40.80400000689328),2015,/,/,/,TRUE,
43618464,Condition Attracting Rodents,Vacant Lot,10026,2136A FREDERICK DOUGLASS BOULEVARD,996524,232199,40.804,-73.955665,"(40.80400000828247, -73.95566524448962)",POINT (-73.95566524448962 40.80400000828247),2019,/,/,/,TRUE,
32169488,Rat Sighting,Vacant Building,10026,2140 FREDERICK DOUGLASS BOULEVARD,996640,232203,40.8040108,-73.955246,"(40.80401082527759, -73.95524623509158)",POINT (-73.95524623509158 40.80401082527759),2015,/,/,/,TRUE,
21847912,Rat Sighting,Vacant Building,10026,183 LENOX AVENUE,998594,232232,40.8040875,-73.948188,"(40.80408746615211, -73.94818815556941)",POINT (-73.94818815556941 40.80408746615211),2011,FALSE,/,/,FALSE,
36502181,Large Number of Mosquitoes,Vacant Lot/Property,10026,2142 8 AVENUE,996557,232257,40.8041592,-73.955546,"(40.80415915641741, -73.95554593932184)",POINT (-73.95554593932184 40.80415915641741),2017,/,/,/,TRUE,
35120582,Rat Sighting,Vacant Lot,10026,2144 FREDERICK DOUGLASS BLVD,996627,232267,40.8041865,-73.955293,"(40.804186505884765, -73.95529307423786)",POINT (-73.95529307423786 40.80418650588477),2016,FALSE,/,/,FALSE,
38707107,Signs of Rodents,Vacant Lot,10026,2144 FREDERICK DOUGLASS BOULEVARD,996627,232273,40.804203,-73.955293,"(40.804202974233306, -73.95529306317685)",POINT (-73.95529306317684 40.80420297423331),2018,FALSE,/,/,FALSE,
43768948,Rat Sighting,Vacant Building,10026,190 MALCOLM X BOULEVARD,998645,232313,40.8043097,-73.948004,"(40.80430970590395, -73.94800376526184)",POINT (-73.94800376526184 40.80430970590395),2019,TRUE,VB,VACANT,FALSE,
41621967,Rat Sighting,Vacant Building,10026,135 WEST  119 STREET,998260,232360,40.8044393,-73.949394,"(40.80443932682152, -73.94939432684862)",POINT (-73.94939432684862 40.80443932682152),2019,TRUE,VB,VACANT,FALSE,
41140520,Signs of Rodents,Vacant Lot,10026,141 ST NICHOLAS AVENUE,997285,232366,40.8044573,-73.952916,"(40.80445728738318, -73.95291612258447)",POINT (-73.95291612258447 40.80445728738318),2018,FALSE,/,/,FALSE,
41036291,Rat Sighting,Vacant Lot,10026,306 WEST  116 STREET,996509,232402,40.8045572,-73.955719,"(40.80455720822613, -73.95571905512072)",POINT (-73.95571905512071 40.80455720822614),2018,TRUE,NEW BUILDING,NEW BUILDING,FALSE,
40705197,Rat Sighting,Vacant Building,10027,8 WEST 121 STREET,999069,232413,40.8045835,-73.946472,"(40.80458347738907, -73.94647201288603)",POINT (-73.94647201288603 40.80458347738907),2018,TRUE,VB FOR SALE,VACANT,FALSE,
26070763,Condition Attracting Rodents,Vacant Lot,10026,206 WEST  118 STREET,997562,232441,40.8046627,-73.951915,"(40.80466272872301, -73.95191541910337)",POINT (-73.95191541910337 40.80466272872301),2013,FALSE,/,/,FALSE,
39442678,Rat Sighting,Vacant Lot,10026,1962 ADAM CLAYTON POWELL JR BOULEVARD,997686,232450,40.8046872,-73.951467,"(40.80468724354779, -73.9514674979357)",POINT (-73.95146749793571 40.80468724354779),2018,FALSE,/,/,FALSE,
24481161,Rat Sighting,Vacant Lot,10026,209 WEST 118 STREET,997555,232451,40.8046902,-73.951941,"(40.80469018651171, -73.95194068414152)",POINT (-73.95194068414152 40.80469018651171),2012,/,/,/,TRUE,
33429741,Rat Sighting,Vacant Lot,10026,209 WEST  118 STREET,997555,232451,40.8046902,-73.951941,"(40.80469018651171, -73.95194068414152)",POINT (-73.95194068414152 40.80469018651171),2016,FALSE,/,/,FALSE,
18561462,Rat Sighting,Vacant Building,10026,321 WEST 116 STREET,996430,232453,40.8046973,-73.956004,"(40.804697298436864, -73.95600431980877)",POINT (-73.95600431980877 40.80469729843686),2010,TRUE,VB,VACANT,FALSE,
33495614,Condition Attracting Rodents,Vacant Building,10026,321 WEST  116 STREET,996430,232453,40.8046973,-73.956004,"(40.804697298436864, -73.95600431980877)",POINT (-73.95600431980877 40.80469729843686),2016,/,/,/,TRUE,
21418095,Rat Sighting,Vacant Building,10026,371 MANHATTAN AVENUE,996141,232467,40.8047361,-73.957048,"(40.80473611825136, -73.95704819891363)",POINT (-73.95704819891363 40.80473611825136),2011,TRUE,VB,CONST,FALSE,CHURCH
33778142,Rat Sighting,Vacant Lot,10026,2166 FREDERICK DOUGLASS BOULEVARD,996779,232492,40.8048039,-73.954744,"(40.80480385469021, -73.95474361569035)",POINT (-73.95474361569035 40.80480385469021),2016,FALSE,/,/,FALSE,
39782222,Rat Sighting,Vacant Lot,10026,257 WEST 117TH STREET,997079,232524,40.8048913,-73.95366,"(40.8048912553674, -73.95365991556196)",POINT (-73.95365991556196 40.8048912553674),2018,TRUE,NEW BUILDING,NEW BUILDING,FALSE,
39674028,Rat Sighting,Vacant Lot,10026,264 W 118TH ST,997064,232591,40.8050752,-73.953714,"(40.80507517366819, -73.95371396970343)",POINT (-73.95371396970343 40.80507517366819),2018,FALSE,/,/,FALSE,
19349649,Rat Sighting,Vacant Building,10026,384 MANHATTAN AVENUE,996241,232635,40.8051971,-73.956687,"(40.80519709680798, -73.9566866862246)",POINT (-73.9566866862246 40.80519709680797),2010,TRUE,VB,VACANT,FALSE,
20718319,Rat Sighting,Vacant Building,10027,162 WEST 120 STREET,998238,232665,40.8052765,-73.949473,"(40.80527650260936, -73.94947315780342)",POINT (-73.94947315780342 40.80527650260936),2011,FALSE,/,/,FALSE,
22464676,Rat Sighting,Vacant Lot,10026,313 WEST 117 STREET,996614,232674,40.8053036,-73.955339,"(40.8053036269627, -73.95533928196181)",POINT (-73.95533928196181 40.8053036269627),2012,FALSE,/,/,FALSE,
40192040,Condition Attracting Rodents,Vacant Building,10027,228 LENOX AVENUE,998896,232766,40.8055527,-73.947096,"(40.80555265350617, -73.9470961391933)",POINT (-73.94709613919329 40.80555265350618),2018,TRUE,VB,VACANT,FALSE,
23111037,Rat Sighting,Vacant Building,10027,27 WEST 123 STREET,999392,232927,40.8059937,-73.945304,"(40.80599371792915, -73.94530413956161)",POINT (-73.9453041395616 40.80599371792915),2012,TRUE,VB,VACANT,FALSE,
20459311,Condition Attracting Rodents,Vacant Lot,10027,127 WEST 122 STREET,998687,233020,40.8062502,-73.947851,"(40.806250157349524, -73.94785053660232)",POINT (-73.94785053660232 40.80625015734952),2011,FALSE,/,/,FALSE,
22373028,Condition Attracting Rodents,Vacant Building,10027,129 WEST 122 STREET,998677,233026,40.8062666,-73.947887,"(40.806266642026415, -73.94788664579134)",POINT (-73.94788664579134 40.80626664202642),2011,FALSE,/,/,FALSE,
43992970,Rat Sighting,Vacant Building,10027,152 WEST  122 STREET,998546,233092,40.806448,-73.94836,"(40.80644800672709, -73.94835970465114)",POINT (-73.94835970465114 40.80644800672709),2019,FALSE,/,/,FALSE,
18584268,Rat Sighting,Vacant Lot,10027,163 WEST 122 STREET,998496,233126,40.8065414,-73.94854,"(40.80654140809236, -73.94854024345432)",POINT (-73.94854024345432 40.80654140809236),2010,TRUE,VL,VACANT,FALSE,
25901668,Rat Sighting,Vacant Building,10027,62 WEST 124 STREET,999524,233149,40.8066028,-73.944827,"(40.80660281936858, -73.94482682483267)",POINT (-73.94482682483267 40.80660281936858),2013,FALSE,/,/,FALSE,
26511856,Rat Sighting,Vacant Building,10027,62 WEST  124 STREET,999524,233149,40.8066028,-73.944827,"(40.80660281936858, -73.94482682483267)",POINT (-73.94482682483267 40.80660281936858),2013,/,/,/,TRUE,
25671035,Rat Sighting,Vacant Building,10027,213 WEST 121 STREET,997842,233191,40.8067208,-73.950903,"(40.806720845439145, -73.95090250646038)",POINT (-73.95090250646037 40.80672084543914),2013,FALSE,/,/,FALSE,
25375676,Condition Attracting Rodents,Vacant Lot,10027,108 WEST 123 STREET,998904,233195,40.8067301,-73.947066,"(40.806730126731786, -73.94706630541704)",POINT (-73.94706630541705 40.80673012673178),2013,TRUE,VL,CONST,FALSE,
24654700,Rat Sighting,Vacant Building,10027,223 WEST 121 STREET,997790,233219,40.8067978,-73.95109,"(40.80679777754214, -73.95109028615103)",POINT (-73.95109028615103 40.80679777754214),2012,FALSE,/,/,FALSE,
23133046,Rat Sighting,Vacant Building,10027,79 WEST 124 STREET,999402,233223,40.8068061,-73.945267,"(40.80680613897262, -73.94526734955313)",POINT (-73.94526734955313 40.80680613897262),2012,FALSE,/,/,FALSE,
23186359,Rat Sighting,Vacant Building,10027,79 WEST  124 STREET,999402,233223,40.8068061,-73.945267,"(40.80680613897262, -73.94526734955313)",POINT (-73.94526734955313 40.80680613897262),2012,FALSE,/,/,FALSE,
25281056,Rat Sighting,Vacant Lot,10027,225 WEST 121 STREET,997780,233225,40.8068143,-73.951126,"(40.80681426120282, -73.95112639643952)",POINT (-73.95112639643952 40.80681426120282),2013,FALSE,/,/,FALSE,
25329731,Rat Sighting,Vacant Building,10027,227 WEST 121 STREET,997770,233231,40.8068307,-73.951163,"(40.806830744852086, -73.95116250674589)",POINT (-73.95116250674589 40.80683074485209),2013,FALSE,/,/,FALSE,
25750728,Rat Sighting,Vacant Building,10027,227 WEST  121 STREET,997770,233231,40.8068307,-73.951163,"(40.806830744852086, -73.95116250674589)",POINT (-73.95116250674589 40.80683074485209),2013,/,/,/,TRUE,
25163596,Rat Sighting,Vacant Building,10027,229 WEST 121 STREET,997759,233236,40.8068445,-73.951202,"(40.80684448529558, -73.95120223132321)",POINT (-73.95120223132321 40.80684448529558),2013,FALSE,/,/,FALSE,
23174814,Condition Attracting Rodents,Vacant Building,10027,85 WEST 124 STREET,999370,233241,40.8068556,-73.945383,"(40.80685559881501, -73.94538290064165)",POINT (-73.94538290064166 40.80685559881501),2012,FALSE,/,/,FALSE,
16866139,Condition Attracting Rodents,Vacant Lot,10027,124 WEST 123 STREET,998819,233241,40.8068565,-73.947373,"(40.80685652458326, -73.94737324550726)",POINT (-73.94737324550726 40.80685652458326),2010,FALSE,/,/,FALSE,
26069930,Condition Attracting Rodents,Vacant Building,10027,130 WEST 123 STREET,998788,233259,40.806906,-73.947485,"(40.80690598066903, -73.9474851860042)",POINT (-73.9474851860042 40.80690598066903),2013,TRUE,VB,VACANT,FALSE,
25109749,Rat Sighting,Vacant Building,10027,139 WEST 123 STREET,998748,233288,40.8069856,-73.94763,"(40.80698564337621, -73.94762961313093)",POINT (-73.94762961313094 40.80698564337622),2013,FALSE,/,/,FALSE,
25331142,Rat Sighting,Vacant Building,10027,WEST 121 STREET,997649,233293,40.8070011,-73.951599,"(40.807001102040154, -73.95159946402707)",POINT (-73.95159946402705 40.80700110204016),2013,/,/,/,TRUE,
33652879,Condition Attracting Rodents,Vacant Building,10027,255 WEST  121 STREET,997625,233310,40.8070478,-73.951686,"(40.80704779870351, -73.95168612413684)",POINT (-73.95168612413684 40.80704779870351),2016,/,/,/,TRUE,
28696911,Rat Sighting,Vacant Building,10027,56 WEST 125 STREET,999673,233388,40.8072585,-73.944288,"(40.8072585494072, -73.94428805388517)",POINT (-73.94428805388517 40.8072585494072),2014,TRUE,VB,CONST,FALSE,
20496875,Rat Sighting,Vacant Lot,10027,119 WEST 124 STREET,998981,233458,40.8074519,-73.946788,"(40.80745186092021, -73.94678758627079)",POINT (-73.9467875862708 40.80745186092021),2011,FALSE,/,/,FALSE,
20940548,Rat Sighting,Vacant Lot,10027,123 WEST  124 STREET,998960,233469,40.8074821,-73.946863,"(40.807482087863974, -73.94686341991061)",POINT (-73.94686341991061 40.80748208786397),2011,FALSE,/,/,FALSE,
41035041,Rat Sighting,Vacant Building,10027,46 WEST 126 STREET,999849,233522,40.807626,-73.943652,"(40.80762603331742, -73.94365198424642)",POINT (-73.94365198424643 40.80762603331743),2018,FALSE,/,/,FALSE,
28300631,Condition Attracting Rodents,Vacant Building,10027,56 WEST 126TH STREET,999788,233556,40.8077195,-73.943872,"(40.80771946138962, -73.94387225480561)",POINT (-73.94387225480561 40.80771946138962),2014,TRUE,VB,VACANT,FALSE,
34386382,Rat Sighting,Vacant Lot,10027,123 WEST 124TH STREET,998935,233561,40.8077346,-73.946954,"(40.807734643978044, -73.94695352553921)",POINT (-73.94695352553921 40.80773464397804),2016,FALSE,/,/,FALSE,
40163544,Rat Sighting,Vacant Lot,10027,2262 FREDERICK DOUGLASS BOULEVARD,997350,233576,40.8077783,-73.952679,"(40.807778307125986, -73.95267897428477)",POINT (-73.95267897428477 40.80777830712599),2018,TRUE,VL,VACANT,FALSE,
28776083,Condition Attracting Rodents,Vacant Building,10027,56 WEST  126 STREET,999895,233586,40.8078016,-73.943486,"(40.80780161425249, -73.9434856700831)",POINT (-73.94348567008309 40.80780161425249),2014,/,/,/,TRUE,
29061173,Mouse Sighting,Vacant Building,10027,56 WEST 126 STREET,999895,233586,40.8078016,-73.943486,"(40.80780161425249, -73.9434856700831)",POINT (-73.94348567008309 40.80780161425249),2014,/,/,/,TRUE,
28262903,Condition Attracting Rodents,Vacant Building,10027,54 WEST 126TH STREET,999837,233610,40.8078676,-73.943695,"(40.80786759011844, -73.94369512731632)",POINT (-73.94369512731632 40.80786759011843),2014,FALSE,/,/,FALSE,
20057983,Condition Attracting Rodents,Vacant Lot,10027,66 WEST 126 STREET,999832,233621,40.8078978,-73.943713,"(40.807897790890266, -73.9437131632637)",POINT (-73.94371316326371 40.80789779089027),2011,FALSE,/,/,FALSE,
21855122,Rat Sighting,Vacant Building,10027,68 WEST 126 STREET,999819,233628,40.807917,-73.94376,"(40.807917026868644, -73.94376010689815)",POINT (-73.94376010689815 40.80791702686864),2011,FALSE,/,/,FALSE,
27861536,Rat Sighting,Vacant Building,10027,494 MANHATTAN AVENUE,996796,233637,40.8079465,-73.95468,"(40.80794653930053, -73.95468006970782)",POINT (-73.95468006970782 40.80794653930053),2014,TRUE,VB,VACANT,FALSE,
42612986,Rat Sighting,Vacant Building,10027,2070 ADAM CLAYTON POWELL BOULEVARD,998347,233643,40.8079607,-73.949077,"(40.807960669032425, -73.94907737920948)",POINT (-73.94907737920948 40.80796066903242),2019,FALSE,/,/,FALSE,
18694474,Rat Sighting,Vacant Building,10027,217 WEST 123 STREET,998070,233662,40.8080133,-73.950078,"(40.808013256403044, -73.95007794752009)",POINT (-73.9500779475201 40.80801325640304),2010,TRUE,VB,CONST,FALSE,
18607357,Condition Attracting Rodents,Vacant Lot,10027,323 WEST 121 STREET,996933,233693,40.8081,-73.954185,"(40.808100048185025, -73.95418507873863)",POINT (-73.95418507873862 40.80810004818503),2010,FALSE,/,/,FALSE,
37440511,Rat Sighting,Vacant Lot,10027,228-234 SAINT NICHOLAS AVE,997298,233707,40.8081379,-73.952867,"(40.80813794279531, -73.95286655881428)",POINT (-73.95286655881428 40.80813794279531),2017,FALSE,/,/,FALSE,
20489475,Condition Attracting Rodents,Vacant Lot,10027,2272 FREDRICK DOUGLAS BOULEVARD,997365,233717,40.8081653,-73.952625,"(40.80816529082176, -73.9526245144505)",POINT (-73.95262451445051 40.80816529082175),2011,TRUE,NEW BUILDING,NEW BUILDING,FALSE,
21772930,Rat Sighting,Vacant Building,10027,57 WEST 127 STREET,1000018,233822,40.8084492,-73.943041,"(40.80844915016986, -73.94304080379216)",POINT (-73.94304080379216 40.80844915016986),2011,FALSE,/,/,FALSE,
38461053,Rat Sighting,Vacant Building,10027,1191 AMSTERDAM AVENUE,995435,233837,40.8084973,-73.959596,"(40.80849731174161, -73.95959607760794)",POINT (-73.95959607760794 40.80849731174161),2018,FALSE,/,/,FALSE,
19084548,Condition Attracting Rodents,Vacant Lot,10027,65 WEST 127 STREET,999969,233849,40.8085233,-73.943218,"(40.808523344997006, -73.94321774461757)",POINT (-73.94321774461757 40.80852334499701),2010,FALSE,/,/,FALSE,
30197737,Rat Sighting,Vacant Lot,10027,65 WEST  127 STREET,999969,233849,40.8085233,-73.943218,"(40.808523344997006, -73.94321774461757)",POINT (-73.94321774461757 40.80852334499701),2015,/,/,/,TRUE,
38429909,Rat Sighting,Vacant Building,10027,1195 AMSTERDAM AVENUE,995384,233859,40.8085578,-73.95978,"(40.808557760064176, -73.95978026997496)",POINT (-73.95978026997496 40.80855776006418),2018,FALSE,/,/,FALSE,
40077268,Rat Sighting,Vacant Building,10027,435 WEST WEST  119 STREET,995554,233862,40.8085658,-73.959166,"(40.8085657783594, -73.95916616818162)",POINT (-73.95916616818162 40.8085657783594),2018,/,/,/,TRUE,
42101072,Rat Sighting,Vacant Building,10027,218 WEST  124 STREET,998181,233892,40.8086444,-73.949677,"(40.8086443683286, -73.9496765044727)",POINT (-73.94967650447271 40.8086443683286),2019,FALSE,/,/,FALSE,
30580485,Condition Attracting Rodents,Vacant Lot,10027,79 WEST  127 STREET,999882,233898,40.808658,-73.943532,"(40.80865799076518, -73.94353190335941)",POINT (-73.9435319033594 40.80865799076518),2015,FALSE,/,/,FALSE,
19885038,Condition Attracting Rodents,Vacant Building,10027,303 WEST 123 STREET,997455,234001,40.8089447,-73.952299,"(40.808944658034164, -73.9522988476877)",POINT (-73.9522988476877 40.80894465803416),2011,FALSE,/,/,FALSE,
25330815,Rat Sighting,Vacant Building,10027,139 WEST 126 STREET,999148,234006,40.8089557,-73.946183,"(40.80895568900706, -73.94618312044588)",POINT (-73.94618312044587 40.80895568900706),2013,TRUE,NEW BUILDING,NEW BUILDING,FALSE,
20812811,Rat Sighting,Vacant Building,10027,305 WEST  123 STREET,997442,234009,40.8089666,-73.952346,"(40.808966635235805, -73.9523457925765)",POINT (-73.95234579257651 40.80896663523581),2011,FALSE,/,/,FALSE,
25512275,Rat Sighting,Vacant Building,10027,141 WEST 126 STREET,999137,234012,40.8089722,-73.946223,"(40.808972175884094, -73.94622284304573)",POINT (-73.94622284304573 40.80897217588409),2013,TRUE,NEW BUILDING,NEW BUILDING,FALSE,
20866849,Rat Sighting,Vacant Building,10027,59 WEST 128 STREET,1000134,234055,40.8090885,-73.942621,"(40.80908846272375, -73.94262122248216)",POINT (-73.94262122248216 40.80908846272375),2011,TRUE,NEW BUILDING,NEW BUILDING,FALSE,
23386819,Rat Sighting,Vacant Building,10027,59 WEST  128 STREET,1000134,234055,40.8090885,-73.942621,"(40.80908846272375, -73.94262122248216)",POINT (-73.94262122248216 40.80908846272375),2012,/,/,/,TRUE,
31705962,Rat Sighting,Vacant Lot,10027,303 W 123RD ST,997437,234071,40.8091368,-73.952364,"(40.80913681549917, -73.95236373256057)",POINT (-73.95236373256056 40.80913681549917),2015,/,/,/,TRUE,
31987599,Rat Sighting,Vacant Lot,10027,267 W 124TH ST,997840,234183,40.8094436,-73.950908,"(40.809443613699145, -73.95090772271236)",POINT (-73.95090772271236 40.80944361369915),2015,FALSE,/,/,FALSE,
19252633,Condition Attracting Rodents,Vacant Lot,10027,130 WEST 127 STREET,999313,234207,40.8095071,-73.945587,"(40.80950709842644, -73.94558663083363)",POINT (-73.94558663083363 40.80950709842644),2010,FALSE,/,/,FALSE,
20380718,Condition Attracting Rodents,Vacant Lot,10027,132 WEST 127 STREET,999303,234213,40.8095236,-73.945623,"(40.80952358380375, -73.94562274122895)",POINT (-73.94562274122896 40.80952358380375),2011,FALSE,/,/,FALSE,
19869871,Condition Attracting Rodents,Vacant Lot,10027,302 WEST 124 STREET,997559,234237,40.8095923,-73.951923,"(40.80959225647989, -73.95192269490806)",POINT (-73.95192269490806 40.8095922564799),2011,FALSE,/,/,FALSE,
20285986,Condition Attracting Rodents,Vacant Building,10027,302 WEST  124 STREET,997559,234237,40.8095923,-73.951923,"(40.80959225647989, -73.95192269490806)",POINT (-73.95192269490806 40.8095922564799),2011,FALSE,/,/,FALSE,
21098763,Rat Sighting,Vacant Building,10027,105 WEST 128 STREET,999583,234359,40.8099238,-73.944611,"(40.80992383172524, -73.94461093969869)",POINT (-73.94461093969869 40.80992383172524),2011,FALSE,/,/,FALSE,
19992854,Rat Sighting,Vacant Building,10027,261 WEST 126 STREET,998226,234517,40.8103597,-73.949513,"(40.81035974870369, -73.94951264800083)",POINT (-73.94951264800083 40.81035974870369),2011,FALSE,/,/,FALSE,
19493986,Mouse Sighting,Vacant Building,10027,114 WEST 129 STREET,999649,234613,40.8106209,-73.944372,"(40.81062087628985, -73.94437193811302)",POINT (-73.94437193811301 40.81062087628985),2010,FALSE,/,/,FALSE,
20441704,Condition Attracting Rodents,Vacant Lot,10027,2349 FREDERICK DOUGLAS BOULEVARD,997880,234658,40.8107473,-73.950762,"(40.810747295063926, -73.95076226296143)",POINT (-73.95076226296143 40.81074729506393),2011,FALSE,/,/,FALSE,
38879433,Signs of Rodents,Vacant Lot,10027,140 W 129TH ST,999367,234684,40.8108162,-73.94539,"(40.810816238560754, -73.94539048783125)",POINT (-73.94539048783125 40.81081623856075),2018,FALSE,/,/,FALSE,
31710695,Rat Sighting,Vacant Lot,10027,2155 ADAM CLAYTON POWELL BOULEVARD,998938,234697,40.8108526,-73.94694,"(40.81085264359005, -73.94694020304513)",POINT (-73.94694020304512 40.81085264359005),2015,FALSE,/,/,FALSE,
16915018,Condition Attracting Rodents,Vacant Lot,10027,144 WEST 129 STREET,999489,234701,40.8108627,-73.94495,"(40.81086268923153, -73.94494972960118)",POINT (-73.94494972960118 40.81086268923153),2010,TRUE,VB,VACANT,FALSE,
16546803,Condition Attracting Rodents,Vacant Lot,10027,146 WEST 129 STREET,999478,234707,40.8108792,-73.944989,"(40.810879176528445, -73.94498945303366)",POINT (-73.94498945303366 40.81087917652845),2010,TRUE,VB,VACANT,FALSE,
41081924,Rat Sighting,Vacant Lot,10027,313 WEST  126 STREET,997776,234766,40.8110439,-73.951138,"(40.81104388484785, -73.95113774039024)",POINT (-73.95113774039024 40.81104388484785),2018,FALSE,/,/,FALSE,
18398889,Rat Sighting,Vacant Lot,10027,315 WEST  126 STREET,997765,234773,40.8110631,-73.951177,"(40.811063114733834, -73.95117746345026)",POINT (-73.95117746345026 40.81106311473384),2010,FALSE,/,/,FALSE,
31674333,Rat Sighting,Vacant Lot,10027,316 WEST  126 STREET,997751,234774,40.8110659,-73.951228,"(40.81106588086128, -73.95122803601315)",POINT (-73.95122803601315 40.81106588086129),2015,FALSE,/,/,FALSE,
43453352,Rat Sighting,Vacant Lot,10027,321 WEST  126 STREET,997731,234792,40.8111153,-73.9513,"(40.81111531639201, -73.9513002492575)",POINT (-73.9513002492575 40.81111531639201),2019,FALSE,/,/,FALSE,
36730024,Rat Sighting,Vacant Lot,10027,407-401 MALCOLM X BOULEVARD,999992,234794,40.8111171,-73.943132,"(40.81111706638301, -73.94313244487026)",POINT (-73.94313244487026 40.81111706638301),2017,TRUE,VL,CONST,FALSE,NYC HOUSING
21036122,Condition Attracting Rodents,Vacant Lot,10027,268 WEST 127 STREET,998258,234795,40.8111227,-73.949396,"(40.811122730673254, -73.94939647005431)",POINT (-73.94939647005431 40.81112273067325),2011,FALSE,/,/,FALSE,
43785090,Signs of Rodents,Vacant Lot,10027,327 WEST  126 STREET,997696,234811,40.8111675,-73.951427,"(40.811167519441014, -73.95142664773257)",POINT (-73.95142664773256 40.81116751944101),2019,TRUE,VB,VACANT,,CHURCH
20601223,Mouse Sighting,Vacant Building,10027,131 WEST 130 STREET,999695,234893,40.8113893,-73.944205,"(40.81138931802398, -73.94420512136094)",POINT (-73.94420512136094 40.81138931802398),2011,FALSE,,,,
18847557,Rat Sighting,Vacant Building,10027,2371 FREDRICK DOUGLAS BOULEVARD,998060,234982,40.8116363,-73.950111,"(40.81163630531848, -73.95011135493655)",POINT (-73.95011135493654 40.81163630531847),2010,TRUE,VB,VACANT,FALSE,
18869424,Rat Sighting,Vacant Building,10027,2371 8 AVENUE,998060,234982,40.8116363,-73.950111,"(40.81163630531848, -73.95011135493655)",POINT (-73.95011135493654 40.81163630531847),2010,TRUE,VL,VACANT,FALSE,
17551219,Condition Attracting Rodents,Vacant Lot,10027,312 WEST 127 STREET,997913,234984,40.811642,-73.950642,"(40.81164202332608, -73.95064238846611)",POINT (-73.95064238846611 40.81164202332608),2010,TRUE,VL,VACANT,FALSE,334 St. Nicholas Ave
36098932,Rat Sighting,Vacant Building,10027,103 WEST  131 STREET,999968,235038,40.8117868,-73.943219,"(40.81178682111867, -73.94321857284515)",POINT (-73.94321857284515 40.81178682111867),2017,FALSE,/,/,FALSE,
36047011,Rat Sighting,Vacant Building,10027,103 WEST 131ST STREET,1000005,235104,40.8119679,-73.943085,"(40.811967906807254, -73.94308475511039)",POINT (-73.94308475511039 40.81196790680725),2017,FALSE,/,/,FALSE,
34793742,Rat Sighting,Vacant Lot,10027,302 WEST  128 STREET,998103,235178,40.8121742,-73.949956,"(40.8121742033627, -73.94995561289802)",POINT (-73.94995561289801 40.8121742033627),2016,TRUE,VL,VACANT,FALSE,304 WEST 128 STREET
34724013,Rat Sighting,Vacant Lot,10027,306 WEST  128 STREET,998094,235183,40.8121879,-73.949988,"(40.812187941076324, -73.9499881153543)",POINT (-73.9499881153543 40.81218794107632),2016,TRUE,NEW BUILDING,NEW BUILDING,FALSE,
33270892,Rat Sighting,Vacant Building,10027,120 WEST 132ND STREET,999916,235267,40.8124155,-73.943406,"(40.81241545460027, -73.94340588882375)",POINT (-73.94340588882375 40.81241545460027),2016,FALSE,/,/,FALSE,
19055635,Rat Sighting,Vacant Lot,10027,173 MORNINGSIDE AVENUE,997193,235294,40.812494,-73.953243,"(40.81249397108154, -73.95324279146337)",POINT (-73.95324279146338 40.81249397108154),2010,TRUE,VB,VACANT,FALSE,
16485203,Condition Attracting Rodents,Vacant Building,10027,148 WEST 132 STREET,999849,235397,40.8127724,-73.943648,"(40.812772386863855, -73.9436476270723)",POINT (-73.94364762707229 40.81277238686385),2010,FALSE,/,/,FALSE,
24035612,Condition Attracting Rodents,Vacant Building,10027,156 WEST 132 STREET,999807,235420,40.8128356,-73.943799,"(40.81283558950091, -73.94379930137559)",POINT (-73.94379930137559 40.81283558950091),2012,FALSE,/,/,FALSE,
30599719,Rat Sighting,Vacant Lot,10027,1 CONVENT AVENUE,997301,235425,40.8128534,-73.952852,"(40.81285337064048, -73.95285238164146)",POINT (-73.95285238164145 40.81285337064048),2015,FALSE,/,/,FALSE,
28955825,Rat Sighting,Vacant Lot,10027,410 WEST  128 STREET,997490,235514,40.8130974,-73.952169,"(40.81309736956231, -73.95216943096172)",POINT (-73.95216943096172 40.81309736956231),2014,TRUE,VB,CONST,FALSE,NYC HOUSING
29090205,Rat Sighting,Vacant Lot,10027,418 WEST  128 STREET,997447,235538,40.8131633,-73.952325,"(40.81316330719954, -73.95232472471494)",POINT (-73.95232472471494 40.81316330719954),2014,FALSE,/,/,FALSE,
18994925,Rat Sighting,Vacant Lot,10027,456 WEST 126 STREET,996712,235582,40.8132851,-73.95498,"(40.813285142302, -73.9549798920162)",POINT (-73.9549798920162 40.813285142302),2010,FALSE,/,/,FALSE,
28020671,Rat Sighting,Vacant Building,10027,206 W 132ND ST,999240,235644,40.8134514,-73.945847,"(40.81345138718997, -73.945847125848)",POINT (-73.945847125848 40.81345138718997),2014,FALSE,/,/,FALSE,
36128948,Rat Sighting,Vacant Building,10027,237 WEST 131ST STREET,998938,235679,40.813548,-73.946938,"(40.81354795967709, -73.94693805418993)",POINT (-73.94693805418994 40.81354795967709),2017,FALSE,/,/,FALSE,
20240910,Condition Attracting Rodents,Vacant Lot,10027,22 CONVENT AVENUE,997228,235703,40.8136165,-73.953116,"(40.8136165105403, -73.95311556149248)",POINT (-73.95311556149248 40.81361651054029),2011,FALSE,/,/,FALSE,
28020684,Rat Sighting,Vacant Building,10027,242 WEST 132ND STREET,999014,235767,40.8137894,-73.946663,"(40.81378936838737, -73.94666330268878)",POINT (-73.94666330268878 40.81378936838737),2014,TRUE,VB,VACANT,FALSE,
27565047,Rat Sighting,Vacant Lot,10027,126 LASALLE STREET,995237,235851,40.8140254,-73.960308,"(40.81402542970419, -73.96030802250245)",POINT (-73.96030802250245 40.81402542970419),2014,FALSE,/,/,FALSE,
23798704,Signs of Rodents,Vacant Building,10027,260 WEST 132 STREET,998980,235874,40.8140831,-73.946786,"(40.81408311021432, -73.94678589685857)",POINT (-73.94678589685856 40.81408311021432),2012,FALSE,/,/,FALSE,
20970958,Condition Attracting Rodents,Vacant Lot,10027,263 WEST  132 STREET,998972,235885,40.8141133,-73.946815,"(40.81411331547212, -73.94681477379801)",POINT (-73.94681477379802 40.81411331547211),2011,FALSE,/,/,FALSE,
37651042,Rat Sighting,Vacant Building,10027,622 WEST 131ST STREET,995750,237277,40.8179387,-73.958452,"(40.81793874690458, -73.95845229960948)",POINT (-73.95845229960948 40.81793874690458),2017,FALSE,/,/,FALSE,
35518366,Signs of Rodents,Vacant Building,10027,701 W 135TH ST,995969,238720,40.8218991,-73.957659,"(40.82189908685083, -73.95765856705992)",POINT (-73.95765856705992 40.82189908685083),2017,TRUE,VB,VACANT,FALSE,"Used to be bars, lounges, restaurants"
/,311related,311related,/,327 WEST 112 STREET,/,/,/,/,/,/,/,TRUE,NEW BUILDING,NEW BUILDING,FALSE,
/,311related,311related,/,325 WEST 112 STREET,/,/,/,/,/,/,/,TRUE,NEW BUILDING,NEW BUILDING,FALSE,
/,311related,311related,/,323 WEST 112 STREET,/,/,/,/,/,/,/,TRUE,NEW BUILDING,NEW BUILDING,FALSE,
/,311related,311related,/,321 WEST 112 STREET,/,/,/,/,/,/,/,TRUE,NEW BUILDING,NEW BUILDING,FALSE,
/,311related,311related,/,319 WEST 112 STREET,/,/,/,/,/,/,/,TRUE,NEW BUILDING,NEW BUILDING,FALSE,
/,311related,311related,/,317 WEST 112 STREET,/,/,/,/,/,/,/,TRUE,NEW BUILDING,NEW BUILDING,FALSE,
/,311related,311related,/,315 WEST 112 STREET,/,/,/,/,/,/,/,TRUE,NEW BUILDING,NEW BUILDING,FALSE,
/,311related,311related,/,310 WEST 113 STREET,/,/,/,/,/,/,/,TRUE,VB,CONST,FALSE,
/,311related,311related,/,303 WEST 113 STREET,/,/,/,/,/,/,/,TRUE,VL,VACANT,FALSE,RECYCLYING/TRASH
/,311related,311related,/,251 WEST 117 STREET,/,/,/,/,/,/,/,TRUE,VB,CONST,FALSE,
/,311related,311related,/,27 WEST 124 STREET,/,/,/,/,/,/,/,TRUE,VL,VACANT,FALSE,
/,311related,311related,/,75 WEST 124 STREET,/,/,/,/,/,/,/,TRUE,VL,VACANT,FALSE,
/,311related,311related,/,139 WEST 113 STREET,/,/,/,/,/,/,/,TRUE,VB,VACANT,FALSE,VACATE BY DOB
/,311related,311related,/,115 WEST 111 STREET,/,/,/,/,/,/,/,TRUE,VB,VACANT,FALSE,
/,311related,311related,/,131 WEST 119 STREET,/,/,/,/,/,/,/,TRUE,NEW BUILDING,NEW BUILDING,FALSE,
/,311related,311related,/,128 WEST 119 STREET,/,/,/,/,/,/,/,TRUE,VB,VACANT,FALSE,
/,311related,311related,/,188 MALCOLM X BLVD,/,/,/,/,/,/,/,TRUE,VB,VACANT,FALSE,
/,311related,311related,/,186 MALCOLM X BLVD,/,/,/,/,/,/,/,TRUE,VB,VACANT,FALSE,
/,311related,311related,/,11 WEST 119 STREET,/,/,/,/,/,/,/,TRUE,VB,VACANT,FALSE,
/,311related,311related,/,34 WEST 119 STREET,/,/,/,/,/,/,/,TRUE,VB,CONST,FALSE,
/,311related,311related,/,79 WEST 118 STREET,/,/,/,/,/,/,/,TRUE,VB,VACANT,FALSE,
/,311related,311related,/,81 WEST 118 STREET,/,/,/,/,/,/,/,TRUE,VB,VACANT,FALSE,
/,311related,311related,/,11 MT MORRIS PARK WEST,/,/,/,/,/,/,/,TRUE,VB,VACANT,FALSE,
/,311related,311related,/,32 WEST 120 STREET,/,/,/,/,/,/,/,TRUE,VB,VACANT,FALSE,
/,311related,311related,/,46 WEST 120 STREET,/,/,/,/,/,/,/,TRUE,VB,VACANT,FALSE,
/,311related,311related,/,202 WEST 121 STREET,/,/,/,/,/,/,/,TRUE,VL FOR SALE,VACANT,FALSE,
/,311related,311related,/,203 WEST 118 STREET,/,/,/,/,/,/,/,TRUE,VL,VACANT,FALSE, 203-207 WEST 118 ST
/,311related,311related,/,302 WEST 118 STREET,/,/,/,/,/,/,/,TRUE,VB,CONST,FALSE,
/,311related,311related,/,135 WEST 122 STREET,/,/,/,/,/,/,/,TRUE,VB,VACANT,FALSE,NYC HISTORIC PROPERTIES
/,311related,311related,/,137 WEST 122 STREET,/,/,/,/,/,/,/,TRUE,VB,VACANT,FALSE,NYC HISTORIC PROPERTIES
/,311related,311related,/,75 WEST 124 STREET,/,/,/,/,/,/,/,TRUE,VL,VACANT,FALSE,
/,311related,311related,/,2171 FREDERICK DOUGLASS BLVD,/,/,/,/,/,/,/,TRUE,VL,CONST,FALSE,
/,311related,311related,/,38 WEST 126 STREET,/,/,/,/,/,/,/,TRUE,VL FOR SALE,VACANT,FALSE,
/,311related,311related,/,73 WEST 127 STREET,/,/,/,/,/,/,/,TRUE,VL,GARDEN,FALSE,
/,311related,311related,/,75 WEST 127 STREET,/,/,/,/,/,/,/,TRUE,VL,GARDEN,FALSE,
/,311related,311related,/,77 WEST 127 STREET,/,/,/,/,/,/,/,TRUE,VL,GARDEN,FALSE,
/,311related,311related,/,307 WEST 123 STREET,/,/,/,/,/,/,/,TRUE,VL,VACANT,FALSE,
/,311related,311related,/,311 WEST 121 STREET,/,/,/,/,/,/,/,TRUE,VL,VACANT,FALSE,
/,311related,311related,/,313 WEST 121 STREET,/,/,/,/,/,/,/,TRUE,NEW BUILDING,NEW BUILDING,FALSE,
/,311related,311related,/,300 WEST 122 STREET,/,/,/,/,/,/,/,TRUE,VL,CONST,FALSE,
/,311related,311related,/,300 WEST 128 STREET,/,/,/,/,/,/,/,TRUE,NEW BUILDING,NEW BUILDING,FALSE,
/,311related,311related,/,305 WEST 128 STREET,/,/,/,/,/,/,/,TRUE,VL,VACANT,FALSE,
/,311related,311related,/,314 WEST 127 STREET,/,/,/,/,/,/,/,TRUE,VB,CONST,FALSE,NYC HOUSING
/,311related,311related,/,311 WEST 126 STREET,/,/,/,/,/,/,/,TRUE,VB,VACANT,FALSE,
/,311related,311related,/,267 WEST 126 STREET,/,/,/,/,/,/,/,TRUE,VL,VACANT,FALSE,NYC HOUSING
/,311related,311related,/,52 CONVENT AVENUE,/,/,/,/,/,/,/,TRUE,NEW BUILDING,NEW BUILDING,FALSE,
/,311related,311related,/,128 WEST 127 STREET,/,/,/,/,/,/,/,TRUE,VL,VACANT,FALSE,
/,311related,311related,/,3289 BROADWAY,/,/,/,/,/,/,/,TRUE,VB,VACANT,FALSE,
/,311related,311related,/,450 WEST 126 STREET,/,/,/,/,/,/,/,TRUE,VB,CONST,FALSE,
/,311related,311related,/,261 WEST 132 STREET,/,/,/,/,/,/,/,TRUE,NEW BUILDING,NEW BUILDING,FALSE,"JUST RENOVATED, BEEN EMPTY FOR A LONG TIME"
/,311related,311related,/,240 WEST 132 STREET,/,/,/,/,/,/,/,TRUE,VB,VACANT,FALSE,
/,311related,311related,/,105 WEST 131 STREET,/,/,/,/,/,/,/,TRUE,VB,VACANT,FALSE,COURT CASE
/,311related,311related,/,406 LENOX AVE ,/,/,/,/,/,/,/,TRUE,VB,CONST,FALSE,NYC HOUSING
/,311related,311related,/,422 LENOX AVE,/,/,/,/,/,/,/,TRUE,VB,COST,FALSE,NYC HOUSING
/,311related,311related,/,104 WEST 130 STREET,/,/,/,/,/,/,/,TRUE,VB,VACANT,FALSE,
/,311related,311related,/,112 WEST 130 STREET,/,/,/,/,/,/,/,TRUE,VL,VACANT,FALSE,
/,311related,311related,/,132 WEST 130 STREET,/,/,/,/,/,/,/,TRUE,VB,VACANT,FALSE,
/,311related,311related,/,142 WEST 129 STREET,/,/,/,/,/,/,/,TRUE,VL,VACANT,FALSE,
/,311related,311related,/,68 WEST 128 STREET,/,/,/,/,/,/,/,TRUE,VL,VACANT,FALSE,
/,311related,311related,/,109 WEST 126 STREET,/,/,/,/,/,/,/,TRUE,VL,VACANT,FALSE,
/,311related,311related,/,135 WEST 119 STREET,/,/,/,/,/,/,/,TRUE,VB,VACANT,FALSE,
/,311related,311related,/,145 CENTRAL PARK NORTH,/,/,/,/,/,/,/,TRUE,VL,CONST,FALSE,
/,311related,311related,/,282 WEST 127 STREET,/,/,/,/,/,/,/,TRUE,NEW BUILDING,NEW BUILDING,FALSE,
/,311related,311related,/,2153 Adam Clayton Powell Jr Blvd,/,/,/,/,/,/,/,TRUE,NEW BUILDING,NEW BUILDING,FALSE,